clean_id,evaluation_group,subset,category,filename,image_path
original_core::Flat-Color_1_S.bmp,original,core,controlled_original,Flat-Color_1_S.bmp,/home/kali/stego_dataset_expanded/covers_original/Flat-Color_1_S.bmp
original_core::Flat-Color_2_M.png,original,core,controlled_original,Flat-Color_2_M.png,/home/kali/stego_dataset_expanded/covers_original/Flat-Color_2_M.png
original_core::Grayscale_1_S.png,original,core,controlled_original,Grayscale_1_S.png,/home/kali/stego_dataset_expanded/covers_original/Grayscale_1_S.png
original_core::Grayscale_2_M.bmp,original,core,controlled_original,Grayscale_2_M.bmp,/home/kali/stego_dataset_expanded/covers_original/Grayscale_2_M.bmp
original_core::High-Detail_1_M.png,original,core,controlled_original,High-Detail_1_M.png,/home/kali/stego_dataset_expanded/covers_original/High-Detail_1_M.png
original_core::High-Detail_2_L.png,original,core,controlled_original,High-Detail_2_L.png,/home/kali/stego_dataset_expanded/covers_original/High-Detail_2_L.png
original_core::Low-Detail_1_M.bmp,original,core,controlled_original,Low-Detail_1_M.bmp,/home/kali/stego_dataset_expanded/covers_original/Low-Detail_1_M.bmp
original_core::Low-Detail_2_L.bmp,original,core,controlled_original,Low-Detail_2_L.bmp,/home/kali/stego_dataset_expanded/covers_original/Low-Detail_2_L.bmp
original_core::Mixed-Content_1_S.bmp,original,core,controlled_original,Mixed-Content_1_S.bmp,/home/kali/stego_dataset_expanded/covers_original/Mixed-Content_1_S.bmp
original_core::Mixed-Content_2_L.bmp,original,core,controlled_original,Mixed-Content_2_L.bmp,/home/kali/stego_dataset_expanded/covers_original/Mixed-Content_2_L.bmp
original_core::Noisy_1_S.bmp,original,core,controlled_original,Noisy_1_S.bmp,/home/kali/stego_dataset_expanded/covers_original/Noisy_1_S.bmp
original_core::Noisy_2_M.png,original,core,controlled_original,Noisy_2_M.png,/home/kali/stego_dataset_expanded/covers_original/Noisy_2_M.png
original_core::Photographic_1_S.png,original,core,controlled_original,Photographic_1_S.png,/home/kali/stego_dataset_expanded/covers_original/Photographic_1_S.png
original_core::Photographic_2_M.bmp,original,core,controlled_original,Photographic_2_M.bmp,/home/kali/stego_dataset_expanded/covers_original/Photographic_2_M.bmp
original_core::Transparency_1_S.png,original,core,controlled_original,Transparency_1_S.png,/home/kali/stego_dataset_expanded/covers_original/Transparency_1_S.png
original_core::Transparency_2_L.png,original,core,controlled_original,Transparency_2_L.png,/home/kali/stego_dataset_expanded/covers_original/Transparency_2_L.png
original_xl::XL-Synthetic_10_B.bmp,original,xl,controlled_original,XL-Synthetic_10_B.bmp,/home/kali/stego_dataset_expanded/covers_extended_xl/XL-Synthetic_10_B.bmp
original_xl::XL-Synthetic_10_P.png,original,xl,controlled_original,XL-Synthetic_10_P.png,/home/kali/stego_dataset_expanded/covers_extended_xl/XL-Synthetic_10_P.png
original_xl::XL-Synthetic_11_B.bmp,original,xl,controlled_original,XL-Synthetic_11_B.bmp,/home/kali/stego_dataset_expanded/covers_extended_xl/XL-Synthetic_11_B.bmp
original_xl::XL-Synthetic_11_P.png,original,xl,controlled_original,XL-Synthetic_11_P.png,/home/kali/stego_dataset_expanded/covers_extended_xl/XL-Synthetic_11_P.png
original_xl::XL-Synthetic_12_B.bmp,original,xl,controlled_original,XL-Synthetic_12_B.bmp,/home/kali/stego_dataset_expanded/covers_extended_xl/XL-Synthetic_12_B.bmp
original_xl::XL-Synthetic_12_P.png,original,xl,controlled_original,XL-Synthetic_12_P.png,/home/kali/stego_dataset_expanded/covers_extended_xl/XL-Synthetic_12_P.png
original_xl::XL-Synthetic_13_B.bmp,original,xl,controlled_original,XL-Synthetic_13_B.bmp,/home/kali/stego_dataset_expanded/covers_extended_xl/XL-Synthetic_13_B.bmp
original_xl::XL-Synthetic_13_P.png,original,xl,controlled_original,XL-Synthetic_13_P.png,/home/kali/stego_dataset_expanded/covers_extended_xl/XL-Synthetic_13_P.png
original_xl::XL-Synthetic_14_B.bmp,original,xl,controlled_original,XL-Synthetic_14_B.bmp,/home/kali/stego_dataset_expanded/covers_extended_xl/XL-Synthetic_14_B.bmp
original_xl::XL-Synthetic_14_P.png,original,xl,controlled_original,XL-Synthetic_14_P.png,/home/kali/stego_dataset_expanded/covers_extended_xl/XL-Synthetic_14_P.png
original_xl::XL-Synthetic_15_B.bmp,original,xl,controlled_original,XL-Synthetic_15_B.bmp,/home/kali/stego_dataset_expanded/covers_extended_xl/XL-Synthetic_15_B.bmp
original_xl::XL-Synthetic_15_P.png,original,xl,controlled_original,XL-Synthetic_15_P.png,/home/kali/stego_dataset_expanded/covers_extended_xl/XL-Synthetic_15_P.png
original_xl::XL-Synthetic_1_B.bmp,original,xl,controlled_original,XL-Synthetic_1_B.bmp,/home/kali/stego_dataset_expanded/covers_extended_xl/XL-Synthetic_1_B.bmp
original_xl::XL-Synthetic_1_P.png,original,xl,controlled_original,XL-Synthetic_1_P.png,/home/kali/stego_dataset_expanded/covers_extended_xl/XL-Synthetic_1_P.png
original_xl::XL-Synthetic_2_B.bmp,original,xl,controlled_original,XL-Synthetic_2_B.bmp,/home/kali/stego_dataset_expanded/covers_extended_xl/XL-Synthetic_2_B.bmp
original_xl::XL-Synthetic_2_P.png,original,xl,controlled_original,XL-Synthetic_2_P.png,/home/kali/stego_dataset_expanded/covers_extended_xl/XL-Synthetic_2_P.png
original_xl::XL-Synthetic_3_B.bmp,original,xl,controlled_original,XL-Synthetic_3_B.bmp,/home/kali/stego_dataset_expanded/covers_extended_xl/XL-Synthetic_3_B.bmp
original_xl::XL-Synthetic_3_P.png,original,xl,controlled_original,XL-Synthetic_3_P.png,/home/kali/stego_dataset_expanded/covers_extended_xl/XL-Synthetic_3_P.png
original_xl::XL-Synthetic_4_B.bmp,original,xl,controlled_original,XL-Synthetic_4_B.bmp,/home/kali/stego_dataset_expanded/covers_extended_xl/XL-Synthetic_4_B.bmp
original_xl::XL-Synthetic_4_P.png,original,xl,controlled_original,XL-Synthetic_4_P.png,/home/kali/stego_dataset_expanded/covers_extended_xl/XL-Synthetic_4_P.png
original_xl::XL-Synthetic_5_B.bmp,original,xl,controlled_original,XL-Synthetic_5_B.bmp,/home/kali/stego_dataset_expanded/covers_extended_xl/XL-Synthetic_5_B.bmp
original_xl::XL-Synthetic_5_P.png,original,xl,controlled_original,XL-Synthetic_5_P.png,/home/kali/stego_dataset_expanded/covers_extended_xl/XL-Synthetic_5_P.png
original_xl::XL-Synthetic_6_B.bmp,original,xl,controlled_original,XL-Synthetic_6_B.bmp,/home/kali/stego_dataset_expanded/covers_extended_xl/XL-Synthetic_6_B.bmp
original_xl::XL-Synthetic_6_P.png,original,xl,controlled_original,XL-Synthetic_6_P.png,/home/kali/stego_dataset_expanded/covers_extended_xl/XL-Synthetic_6_P.png
original_xl::XL-Synthetic_7_B.bmp,original,xl,controlled_original,XL-Synthetic_7_B.bmp,/home/kali/stego_dataset_expanded/covers_extended_xl/XL-Synthetic_7_B.bmp
original_xl::XL-Synthetic_7_P.png,original,xl,controlled_original,XL-Synthetic_7_P.png,/home/kali/stego_dataset_expanded/covers_extended_xl/XL-Synthetic_7_P.png
original_xl::XL-Synthetic_8_B.bmp,original,xl,controlled_original,XL-Synthetic_8_B.bmp,/home/kali/stego_dataset_expanded/covers_extended_xl/XL-Synthetic_8_B.bmp
original_xl::XL-Synthetic_8_P.png,original,xl,controlled_original,XL-Synthetic_8_P.png,/home/kali/stego_dataset_expanded/covers_extended_xl/XL-Synthetic_8_P.png
original_xl::XL-Synthetic_9_B.bmp,original,xl,controlled_original,XL-Synthetic_9_B.bmp,/home/kali/stego_dataset_expanded/covers_extended_xl/XL-Synthetic_9_B.bmp
original_xl::XL-Synthetic_9_P.png,original,xl,controlled_original,XL-Synthetic_9_P.png,/home/kali/stego_dataset_expanded/covers_extended_xl/XL-Synthetic_9_P.png
camera_photos_001,expanded,independent,camera_photos,camera_photos_001.png,/home/kali/stego_dataset_expanded/clean_image_expanded_test/renamed_clean_images/camera_photos/camera_photos_001.png
camera_photos_002,expanded,independent,camera_photos,camera_photos_002.png,/home/kali/stego_dataset_expanded/clean_image_expanded_test/renamed_clean_images/camera_photos/camera_photos_002.png
camera_photos_003,expanded,independent,camera_photos,camera_photos_003.png,/home/kali/stego_dataset_expanded/clean_image_expanded_test/renamed_clean_images/camera_photos/camera_photos_003.png
camera_photos_004,expanded,independent,camera_photos,camera_photos_004.png,/home/kali/stego_dataset_expanded/clean_image_expanded_test/renamed_clean_images/camera_photos/camera_photos_004.png
camera_photos_005,expanded,independent,camera_photos,camera_photos_005.png,/home/kali/stego_dataset_expanded/clean_image_expanded_test/renamed_clean_images/camera_photos/camera_photos_005.png
camera_photos_006,expanded,independent,camera_photos,camera_photos_006.png,/home/kali/stego_dataset_expanded/clean_image_expanded_test/renamed_clean_images/camera_photos/camera_photos_006.png
camera_photos_007,expanded,independent,camera_photos,camera_photos_007.png,/home/kali/stego_dataset_expanded/clean_image_expanded_test/renamed_clean_images/camera_photos/camera_photos_007.png
camera_photos_008,expanded,independent,camera_photos,camera_photos_008.png,/home/kali/stego_dataset_expanded/clean_image_expanded_test/renamed_clean_images/camera_photos/camera_photos_008.png
camera_photos_009,expanded,independent,camera_photos,camera_photos_009.png,/home/kali/stego_dataset_expanded/clean_image_expanded_test/renamed_clean_images/camera_photos/camera_photos_009.png
camera_photos_010,expanded,independent,camera_photos,camera_photos_010.png,/home/kali/stego_dataset_expanded/clean_image_expanded_test/renamed_clean_images/camera_photos/camera_photos_010.png
camera_photos_011,expanded,independent,camera_photos,camera_photos_011.png,/home/kali/stego_dataset_expanded/clean_image_expanded_test/renamed_clean_images/camera_photos/camera_photos_011.png
camera_photos_012,expanded,independent,camera_photos,camera_photos_012.png,/home/kali/stego_dataset_expanded/clean_image_expanded_test/renamed_clean_images/camera_photos/camera_photos_012.png
camera_photos_013,expanded,independent,camera_photos,camera_photos_013.png,/home/kali/stego_dataset_expanded/clean_image_expanded_test/renamed_clean_images/camera_photos/camera_photos_013.png
camera_photos_014,expanded,independent,camera_photos,camera_photos_014.png,/home/kali/stego_dataset_expanded/clean_image_expanded_test/renamed_clean_images/camera_photos/camera_photos_014.png
camera_photos_015,expanded,independent,camera_photos,camera_photos_015.png,/home/kali/stego_dataset_expanded/clean_image_expanded_test/renamed_clean_images/camera_photos/camera_photos_015.png
camera_photos_016,expanded,independent,camera_photos,camera_photos_016.png,/home/kali/stego_dataset_expanded/clean_image_expanded_test/renamed_clean_images/camera_photos/camera_photos_016.png
camera_photos_017,expanded,independent,camera_photos,camera_photos_017.png,/home/kali/stego_dataset_expanded/clean_image_expanded_test/renamed_clean_images/camera_photos/camera_photos_017.png
camera_photos_018,expanded,independent,camera_photos,camera_photos_018.png,/home/kali/stego_dataset_expanded/clean_image_expanded_test/renamed_clean_images/camera_photos/camera_photos_018.png
camera_photos_019,expanded,independent,camera_photos,camera_photos_019.png,/home/kali/stego_dataset_expanded/clean_image_expanded_test/renamed_clean_images/camera_photos/camera_photos_019.png
camera_photos_020,expanded,independent,camera_photos,camera_photos_020.png,/home/kali/stego_dataset_expanded/clean_image_expanded_test/renamed_clean_images/camera_photos/camera_photos_020.png
camera_photos_021,expanded,independent,camera_photos,camera_photos_021.png,/home/kali/stego_dataset_expanded/clean_image_expanded_test/renamed_clean_images/camera_photos/camera_photos_021.png
camera_photos_022,expanded,independent,camera_photos,camera_photos_022.png,/home/kali/stego_dataset_expanded/clean_image_expanded_test/renamed_clean_images/camera_photos/camera_photos_022.png
camera_photos_023,expanded,independent,camera_photos,camera_photos_023.png,/home/kali/stego_dataset_expanded/clean_image_expanded_test/renamed_clean_images/camera_photos/camera_photos_023.png
camera_photos_024,expanded,independent,camera_photos,camera_photos_024.png,/home/kali/stego_dataset_expanded/clean_image_expanded_test/renamed_clean_images/camera_photos/camera_photos_024.png
camera_photos_025,expanded,independent,camera_photos,camera_photos_025.png,/home/kali/stego_dataset_expanded/clean_image_expanded_test/renamed_clean_images/camera_photos/camera_photos_025.png
camera_photos_026,expanded,independent,camera_photos,camera_photos_026.png,/home/kali/stego_dataset_expanded/clean_image_expanded_test/renamed_clean_images/camera_photos/camera_photos_026.png
camera_photos_027,expanded,independent,camera_photos,camera_photos_027.png,/home/kali/stego_dataset_expanded/clean_image_expanded_test/renamed_clean_images/camera_photos/camera_photos_027.png
camera_photos_028,expanded,independent,camera_photos,camera_photos_028.png,/home/kali/stego_dataset_expanded/clean_image_expanded_test/renamed_clean_images/camera_photos/camera_photos_028.png
camera_photos_029,expanded,independent,camera_photos,camera_photos_029.png,/home/kali/stego_dataset_expanded/clean_image_expanded_test/renamed_clean_images/camera_photos/camera_photos_029.png
camera_photos_030,expanded,independent,camera_photos,camera_photos_030.png,/home/kali/stego_dataset_expanded/clean_image_expanded_test/renamed_clean_images/camera_photos/camera_photos_030.png
camera_photos_031,expanded,independent,camera_photos,camera_photos_031.png,/home/kali/stego_dataset_expanded/clean_image_expanded_test/renamed_clean_images/camera_photos/camera_photos_031.png
camera_photos_032,expanded,independent,camera_photos,camera_photos_032.png,/home/kali/stego_dataset_expanded/clean_image_expanded_test/renamed_clean_images/camera_photos/camera_photos_032.png
camera_photos_033,expanded,independent,camera_photos,camera_photos_033.png,/home/kali/stego_dataset_expanded/clean_image_expanded_test/renamed_clean_images/camera_photos/camera_photos_033.png
camera_photos_034,expanded,independent,camera_photos,camera_photos_034.png,/home/kali/stego_dataset_expanded/clean_image_expanded_test/renamed_clean_images/camera_photos/camera_photos_034.png
camera_photos_035,expanded,independent,camera_photos,camera_photos_035.png,/home/kali/stego_dataset_expanded/clean_image_expanded_test/renamed_clean_images/camera_photos/camera_photos_035.png
camera_photos_036,expanded,independent,camera_photos,camera_photos_036.png,/home/kali/stego_dataset_expanded/clean_image_expanded_test/renamed_clean_images/camera_photos/camera_photos_036.png
camera_photos_037,expanded,independent,camera_photos,camera_photos_037.png,/home/kali/stego_dataset_expanded/clean_image_expanded_test/renamed_clean_images/camera_photos/camera_photos_037.png
camera_photos_038,expanded,independent,camera_photos,camera_photos_038.png,/home/kali/stego_dataset_expanded/clean_image_expanded_test/renamed_clean_images/camera_photos/camera_photos_038.png
camera_photos_039,expanded,independent,camera_photos,camera_photos_039.png,/home/kali/stego_dataset_expanded/clean_image_expanded_test/renamed_clean_images/camera_photos/camera_photos_039.png
camera_photos_040,expanded,independent,camera_photos,camera_photos_040.png,/home/kali/stego_dataset_expanded/clean_image_expanded_test/renamed_clean_images/camera_photos/camera_photos_040.png
camera_photos_041,expanded,independent,camera_photos,camera_photos_041.png,/home/kali/stego_dataset_expanded/clean_image_expanded_test/renamed_clean_images/camera_photos/camera_photos_041.png
camera_photos_042,expanded,independent,camera_photos,camera_photos_042.png,/home/kali/stego_dataset_expanded/clean_image_expanded_test/renamed_clean_images/camera_photos/camera_photos_042.png
camera_photos_043,expanded,independent,camera_photos,camera_photos_043.png,/home/kali/stego_dataset_expanded/clean_image_expanded_test/renamed_clean_images/camera_photos/camera_photos_043.png
camera_photos_044,expanded,independent,camera_photos,camera_photos_044.png,/home/kali/stego_dataset_expanded/clean_image_expanded_test/renamed_clean_images/camera_photos/camera_photos_044.png
camera_photos_045,expanded,independent,camera_photos,camera_photos_045.png,/home/kali/stego_dataset_expanded/clean_image_expanded_test/renamed_clean_images/camera_photos/camera_photos_045.png
camera_photos_046,expanded,independent,camera_photos,camera_photos_046.png,/home/kali/stego_dataset_expanded/clean_image_expanded_test/renamed_clean_images/camera_photos/camera_photos_046.png
camera_photos_047,expanded,independent,camera_photos,camera_photos_047.png,/home/kali/stego_dataset_expanded/clean_image_expanded_test/renamed_clean_images/camera_photos/camera_photos_047.png
camera_photos_048,expanded,independent,camera_photos,camera_photos_048.png,/home/kali/stego_dataset_expanded/clean_image_expanded_test/renamed_clean_images/camera_photos/camera_photos_048.png
camera_photos_049,expanded,independent,camera_photos,camera_photos_049.png,/home/kali/stego_dataset_expanded/clean_image_expanded_test/renamed_clean_images/camera_photos/camera_photos_049.png
camera_photos_050,expanded,independent,camera_photos,camera_photos_050.png,/home/kali/stego_dataset_expanded/clean_image_expanded_test/renamed_clean_images/camera_photos/camera_photos_050.png
scanned_documents_001,expanded,independent,document_scans,scanned_documents_001.png,/home/kali/stego_dataset_expanded/clean_image_expanded_test/renamed_clean_images/document_scans/scanned_documents_001.png
scanned_documents_002,expanded,independent,document_scans,scanned_documents_002.png,/home/kali/stego_dataset_expanded/clean_image_expanded_test/renamed_clean_images/document_scans/scanned_documents_002.png
scanned_documents_003,expanded,independent,document_scans,scanned_documents_003.png,/home/kali/stego_dataset_expanded/clean_image_expanded_test/renamed_clean_images/document_scans/scanned_documents_003.png
scanned_documents_004,expanded,independent,document_scans,scanned_documents_004.png,/home/kali/stego_dataset_expanded/clean_image_expanded_test/renamed_clean_images/document_scans/scanned_documents_004.png
scanned_documents_005,expanded,independent,document_scans,scanned_documents_005.png,/home/kali/stego_dataset_expanded/clean_image_expanded_test/renamed_clean_images/document_scans/scanned_documents_005.png
scanned_documents_006,expanded,independent,document_scans,scanned_documents_006.png,/home/kali/stego_dataset_expanded/clean_image_expanded_test/renamed_clean_images/document_scans/scanned_documents_006.png
scanned_documents_007,expanded,independent,document_scans,scanned_documents_007.png,/home/kali/stego_dataset_expanded/clean_image_expanded_test/renamed_clean_images/document_scans/scanned_documents_007.png
scanned_documents_008,expanded,independent,document_scans,scanned_documents_008.png,/home/kali/stego_dataset_expanded/clean_image_expanded_test/renamed_clean_images/document_scans/scanned_documents_008.png
scanned_documents_009,expanded,independent,document_scans,scanned_documents_009.png,/home/kali/stego_dataset_expanded/clean_image_expanded_test/renamed_clean_images/document_scans/scanned_documents_009.png
scanned_documents_010,expanded,independent,document_scans,scanned_documents_010.png,/home/kali/stego_dataset_expanded/clean_image_expanded_test/renamed_clean_images/document_scans/scanned_documents_010.png
scanned_documents_011,expanded,independent,document_scans,scanned_documents_011.png,/home/kali/stego_dataset_expanded/clean_image_expanded_test/renamed_clean_images/document_scans/scanned_documents_011.png
scanned_documents_012,expanded,independent,document_scans,scanned_documents_012.png,/home/kali/stego_dataset_expanded/clean_image_expanded_test/renamed_clean_images/document_scans/scanned_documents_012.png
scanned_documents_013,expanded,independent,document_scans,scanned_documents_013.png,/home/kali/stego_dataset_expanded/clean_image_expanded_test/renamed_clean_images/document_scans/scanned_documents_013.png
scanned_documents_014,expanded,independent,document_scans,scanned_documents_014.png,/home/kali/stego_dataset_expanded/clean_image_expanded_test/renamed_clean_images/document_scans/scanned_documents_014.png
scanned_documents_015,expanded,independent,document_scans,scanned_documents_015.png,/home/kali/stego_dataset_expanded/clean_image_expanded_test/renamed_clean_images/document_scans/scanned_documents_015.png
scanned_documents_016,expanded,independent,document_scans,scanned_documents_016.png,/home/kali/stego_dataset_expanded/clean_image_expanded_test/renamed_clean_images/document_scans/scanned_documents_016.png
scanned_documents_017,expanded,independent,document_scans,scanned_documents_017.png,/home/kali/stego_dataset_expanded/clean_image_expanded_test/renamed_clean_images/document_scans/scanned_documents_017.png
scanned_documents_018,expanded,independent,document_scans,scanned_documents_018.png,/home/kali/stego_dataset_expanded/clean_image_expanded_test/renamed_clean_images/document_scans/scanned_documents_018.png
scanned_documents_019,expanded,independent,document_scans,scanned_documents_019.png,/home/kali/stego_dataset_expanded/clean_image_expanded_test/renamed_clean_images/document_scans/scanned_documents_019.png
scanned_documents_020,expanded,independent,document_scans,scanned_documents_020.png,/home/kali/stego_dataset_expanded/clean_image_expanded_test/renamed_clean_images/document_scans/scanned_documents_020.png
scanned_documents_021,expanded,independent,document_scans,scanned_documents_021.png,/home/kali/stego_dataset_expanded/clean_image_expanded_test/renamed_clean_images/document_scans/scanned_documents_021.png
scanned_documents_022,expanded,independent,document_scans,scanned_documents_022.png,/home/kali/stego_dataset_expanded/clean_image_expanded_test/renamed_clean_images/document_scans/scanned_documents_022.png
scanned_documents_023,expanded,independent,document_scans,scanned_documents_023.png,/home/kali/stego_dataset_expanded/clean_image_expanded_test/renamed_clean_images/document_scans/scanned_documents_023.png
scanned_documents_024,expanded,independent,document_scans,scanned_documents_024.png,/home/kali/stego_dataset_expanded/clean_image_expanded_test/renamed_clean_images/document_scans/scanned_documents_024.png
scanned_documents_025,expanded,independent,document_scans,scanned_documents_025.png,/home/kali/stego_dataset_expanded/clean_image_expanded_test/renamed_clean_images/document_scans/scanned_documents_025.png
scanned_documents_026,expanded,independent,document_scans,scanned_documents_026.png,/home/kali/stego_dataset_expanded/clean_image_expanded_test/renamed_clean_images/document_scans/scanned_documents_026.png
scanned_documents_027,expanded,independent,document_scans,scanned_documents_027.png,/home/kali/stego_dataset_expanded/clean_image_expanded_test/renamed_clean_images/document_scans/scanned_documents_027.png
scanned_documents_028,expanded,independent,document_scans,scanned_documents_028.png,/home/kali/stego_dataset_expanded/clean_image_expanded_test/renamed_clean_images/document_scans/scanned_documents_028.png
scanned_documents_029,expanded,independent,document_scans,scanned_documents_029.png,/home/kali/stego_dataset_expanded/clean_image_expanded_test/renamed_clean_images/document_scans/scanned_documents_029.png
scanned_documents_030,expanded,independent,document_scans,scanned_documents_030.png,/home/kali/stego_dataset_expanded/clean_image_expanded_test/renamed_clean_images/document_scans/scanned_documents_030.png
scanned_documents_031,expanded,independent,document_scans,scanned_documents_031.png,/home/kali/stego_dataset_expanded/clean_image_expanded_test/renamed_clean_images/document_scans/scanned_documents_031.png
scanned_documents_032,expanded,independent,document_scans,scanned_documents_032.png,/home/kali/stego_dataset_expanded/clean_image_expanded_test/renamed_clean_images/document_scans/scanned_documents_032.png
scanned_documents_033,expanded,independent,document_scans,scanned_documents_033.png,/home/kali/stego_dataset_expanded/clean_image_expanded_test/renamed_clean_images/document_scans/scanned_documents_033.png
scanned_documents_034,expanded,independent,document_scans,scanned_documents_034.png,/home/kali/stego_dataset_expanded/clean_image_expanded_test/renamed_clean_images/document_scans/scanned_documents_034.png
scanned_documents_035,expanded,independent,document_scans,scanned_documents_035.png,/home/kali/stego_dataset_expanded/clean_image_expanded_test/renamed_clean_images/document_scans/scanned_documents_035.png
scanned_documents_036,expanded,independent,document_scans,scanned_documents_036.png,/home/kali/stego_dataset_expanded/clean_image_expanded_test/renamed_clean_images/document_scans/scanned_documents_036.png
scanned_documents_037,expanded,independent,document_scans,scanned_documents_037.png,/home/kali/stego_dataset_expanded/clean_image_expanded_test/renamed_clean_images/document_scans/scanned_documents_037.png
scanned_documents_038,expanded,independent,document_scans,scanned_documents_038.png,/home/kali/stego_dataset_expanded/clean_image_expanded_test/renamed_clean_images/document_scans/scanned_documents_038.png
scanned_documents_039,expanded,independent,document_scans,scanned_documents_039.png,/home/kali/stego_dataset_expanded/clean_image_expanded_test/renamed_clean_images/document_scans/scanned_documents_039.png
scanned_documents_040,expanded,independent,document_scans,scanned_documents_040.png,/home/kali/stego_dataset_expanded/clean_image_expanded_test/renamed_clean_images/document_scans/scanned_documents_040.png
scanned_documents_041,expanded,independent,document_scans,scanned_documents_041.png,/home/kali/stego_dataset_expanded/clean_image_expanded_test/renamed_clean_images/document_scans/scanned_documents_041.png
scanned_documents_042,expanded,independent,document_scans,scanned_documents_042.png,/home/kali/stego_dataset_expanded/clean_image_expanded_test/renamed_clean_images/document_scans/scanned_documents_042.png
scanned_documents_043,expanded,independent,document_scans,scanned_documents_043.png,/home/kali/stego_dataset_expanded/clean_image_expanded_test/renamed_clean_images/document_scans/scanned_documents_043.png
scanned_documents_044,expanded,independent,document_scans,scanned_documents_044.png,/home/kali/stego_dataset_expanded/clean_image_expanded_test/renamed_clean_images/document_scans/scanned_documents_044.png
scanned_documents_045,expanded,independent,document_scans,scanned_documents_045.png,/home/kali/stego_dataset_expanded/clean_image_expanded_test/renamed_clean_images/document_scans/scanned_documents_045.png
scanned_documents_046,expanded,independent,document_scans,scanned_documents_046.png,/home/kali/stego_dataset_expanded/clean_image_expanded_test/renamed_clean_images/document_scans/scanned_documents_046.png
scanned_documents_047,expanded,independent,document_scans,scanned_documents_047.png,/home/kali/stego_dataset_expanded/clean_image_expanded_test/renamed_clean_images/document_scans/scanned_documents_047.png
scanned_documents_048,expanded,independent,document_scans,scanned_documents_048.png,/home/kali/stego_dataset_expanded/clean_image_expanded_test/renamed_clean_images/document_scans/scanned_documents_048.png
scanned_documents_049,expanded,independent,document_scans,scanned_documents_049.png,/home/kali/stego_dataset_expanded/clean_image_expanded_test/renamed_clean_images/document_scans/scanned_documents_049.png
scanned_documents_050,expanded,independent,document_scans,scanned_documents_050.png,/home/kali/stego_dataset_expanded/clean_image_expanded_test/renamed_clean_images/document_scans/scanned_documents_050.png
noisy_001,expanded,independent,noisy,noisy_001.png,/home/kali/stego_dataset_expanded/clean_image_expanded_test/renamed_clean_images/noisy/noisy_001.png
noisy_002,expanded,independent,noisy,noisy_002.png,/home/kali/stego_dataset_expanded/clean_image_expanded_test/renamed_clean_images/noisy/noisy_002.png
noisy_003,expanded,independent,noisy,noisy_003.png,/home/kali/stego_dataset_expanded/clean_image_expanded_test/renamed_clean_images/noisy/noisy_003.png
noisy_004,expanded,independent,noisy,noisy_004.png,/home/kali/stego_dataset_expanded/clean_image_expanded_test/renamed_clean_images/noisy/noisy_004.png
noisy_005,expanded,independent,noisy,noisy_005.png,/home/kali/stego_dataset_expanded/clean_image_expanded_test/renamed_clean_images/noisy/noisy_005.png
noisy_006,expanded,independent,noisy,noisy_006.png,/home/kali/stego_dataset_expanded/clean_image_expanded_test/renamed_clean_images/noisy/noisy_006.png
noisy_007,expanded,independent,noisy,noisy_007.png,/home/kali/stego_dataset_expanded/clean_image_expanded_test/renamed_clean_images/noisy/noisy_007.png
noisy_008,expanded,independent,noisy,noisy_008.png,/home/kali/stego_dataset_expanded/clean_image_expanded_test/renamed_clean_images/noisy/noisy_008.png
noisy_009,expanded,independent,noisy,noisy_009.png,/home/kali/stego_dataset_expanded/clean_image_expanded_test/renamed_clean_images/noisy/noisy_009.png
noisy_010,expanded,independent,noisy,noisy_010.png,/home/kali/stego_dataset_expanded/clean_image_expanded_test/renamed_clean_images/noisy/noisy_010.png
noisy_011,expanded,independent,noisy,noisy_011.png,/home/kali/stego_dataset_expanded/clean_image_expanded_test/renamed_clean_images/noisy/noisy_011.png
noisy_012,expanded,independent,noisy,noisy_012.png,/home/kali/stego_dataset_expanded/clean_image_expanded_test/renamed_clean_images/noisy/noisy_012.png
noisy_013,expanded,independent,noisy,noisy_013.png,/home/kali/stego_dataset_expanded/clean_image_expanded_test/renamed_clean_images/noisy/noisy_013.png
noisy_014,expanded,independent,noisy,noisy_014.png,/home/kali/stego_dataset_expanded/clean_image_expanded_test/renamed_clean_images/noisy/noisy_014.png
noisy_015,expanded,independent,noisy,noisy_015.png,/home/kali/stego_dataset_expanded/clean_image_expanded_test/renamed_clean_images/noisy/noisy_015.png
noisy_016,expanded,independent,noisy,noisy_016.png,/home/kali/stego_dataset_expanded/clean_image_expanded_test/renamed_clean_images/noisy/noisy_016.png
noisy_017,expanded,independent,noisy,noisy_017.png,/home/kali/stego_dataset_expanded/clean_image_expanded_test/renamed_clean_images/noisy/noisy_017.png
noisy_018,expanded,independent,noisy,noisy_018.png,/home/kali/stego_dataset_expanded/clean_image_expanded_test/renamed_clean_images/noisy/noisy_018.png
noisy_019,expanded,independent,noisy,noisy_019.png,/home/kali/stego_dataset_expanded/clean_image_expanded_test/renamed_clean_images/noisy/noisy_019.png
noisy_020,expanded,independent,noisy,noisy_020.png,/home/kali/stego_dataset_expanded/clean_image_expanded_test/renamed_clean_images/noisy/noisy_020.png
noisy_021,expanded,independent,noisy,noisy_021.png,/home/kali/stego_dataset_expanded/clean_image_expanded_test/renamed_clean_images/noisy/noisy_021.png
noisy_022,expanded,independent,noisy,noisy_022.png,/home/kali/stego_dataset_expanded/clean_image_expanded_test/renamed_clean_images/noisy/noisy_022.png
noisy_023,expanded,independent,noisy,noisy_023.png,/home/kali/stego_dataset_expanded/clean_image_expanded_test/renamed_clean_images/noisy/noisy_023.png
noisy_024,expanded,independent,noisy,noisy_024.png,/home/kali/stego_dataset_expanded/clean_image_expanded_test/renamed_clean_images/noisy/noisy_024.png
noisy_025,expanded,independent,noisy,noisy_025.png,/home/kali/stego_dataset_expanded/clean_image_expanded_test/renamed_clean_images/noisy/noisy_025.png
noisy_026,expanded,independent,noisy,noisy_026.png,/home/kali/stego_dataset_expanded/clean_image_expanded_test/renamed_clean_images/noisy/noisy_026.png
noisy_027,expanded,independent,noisy,noisy_027.png,/home/kali/stego_dataset_expanded/clean_image_expanded_test/renamed_clean_images/noisy/noisy_027.png
noisy_028,expanded,independent,noisy,noisy_028.png,/home/kali/stego_dataset_expanded/clean_image_expanded_test/renamed_clean_images/noisy/noisy_028.png
noisy_029,expanded,independent,noisy,noisy_029.png,/home/kali/stego_dataset_expanded/clean_image_expanded_test/renamed_clean_images/noisy/noisy_029.png
noisy_030,expanded,independent,noisy,noisy_030.png,/home/kali/stego_dataset_expanded/clean_image_expanded_test/renamed_clean_images/noisy/noisy_030.png
noisy_031,expanded,independent,noisy,noisy_031.png,/home/kali/stego_dataset_expanded/clean_image_expanded_test/renamed_clean_images/noisy/noisy_031.png
noisy_032,expanded,independent,noisy,noisy_032.png,/home/kali/stego_dataset_expanded/clean_image_expanded_test/renamed_clean_images/noisy/noisy_032.png
noisy_033,expanded,independent,noisy,noisy_033.png,/home/kali/stego_dataset_expanded/clean_image_expanded_test/renamed_clean_images/noisy/noisy_033.png
noisy_034,expanded,independent,noisy,noisy_034.png,/home/kali/stego_dataset_expanded/clean_image_expanded_test/renamed_clean_images/noisy/noisy_034.png
noisy_035,expanded,independent,noisy,noisy_035.png,/home/kali/stego_dataset_expanded/clean_image_expanded_test/renamed_clean_images/noisy/noisy_035.png
noisy_036,expanded,independent,noisy,noisy_036.png,/home/kali/stego_dataset_expanded/clean_image_expanded_test/renamed_clean_images/noisy/noisy_036.png
noisy_037,expanded,independent,noisy,noisy_037.png,/home/kali/stego_dataset_expanded/clean_image_expanded_test/renamed_clean_images/noisy/noisy_037.png
noisy_038,expanded,independent,noisy,noisy_038.png,/home/kali/stego_dataset_expanded/clean_image_expanded_test/renamed_clean_images/noisy/noisy_038.png
noisy_039,expanded,independent,noisy,noisy_039.png,/home/kali/stego_dataset_expanded/clean_image_expanded_test/renamed_clean_images/noisy/noisy_039.png
noisy_040,expanded,independent,noisy,noisy_040.png,/home/kali/stego_dataset_expanded/clean_image_expanded_test/renamed_clean_images/noisy/noisy_040.png
noisy_041,expanded,independent,noisy,noisy_041.png,/home/kali/stego_dataset_expanded/clean_image_expanded_test/renamed_clean_images/noisy/noisy_041.png
noisy_042,expanded,independent,noisy,noisy_042.png,/home/kali/stego_dataset_expanded/clean_image_expanded_test/renamed_clean_images/noisy/noisy_042.png
noisy_043,expanded,independent,noisy,noisy_043.png,/home/kali/stego_dataset_expanded/clean_image_expanded_test/renamed_clean_images/noisy/noisy_043.png
noisy_044,expanded,independent,noisy,noisy_044.png,/home/kali/stego_dataset_expanded/clean_image_expanded_test/renamed_clean_images/noisy/noisy_044.png
noisy_045,expanded,independent,noisy,noisy_045.png,/home/kali/stego_dataset_expanded/clean_image_expanded_test/renamed_clean_images/noisy/noisy_045.png
noisy_046,expanded,independent,noisy,noisy_046.png,/home/kali/stego_dataset_expanded/clean_image_expanded_test/renamed_clean_images/noisy/noisy_046.png
noisy_047,expanded,independent,noisy,noisy_047.png,/home/kali/stego_dataset_expanded/clean_image_expanded_test/renamed_clean_images/noisy/noisy_047.png
noisy_048,expanded,independent,noisy,noisy_048.png,/home/kali/stego_dataset_expanded/clean_image_expanded_test/renamed_clean_images/noisy/noisy_048.png
noisy_049,expanded,independent,noisy,noisy_049.png,/home/kali/stego_dataset_expanded/clean_image_expanded_test/renamed_clean_images/noisy/noisy_049.png
noisy_050,expanded,independent,noisy,noisy_050.png,/home/kali/stego_dataset_expanded/clean_image_expanded_test/renamed_clean_images/noisy/noisy_050.png
screenshots_001,expanded,independent,screenshots,screenshots_001.png,/home/kali/stego_dataset_expanded/clean_image_expanded_test/renamed_clean_images/screenshots/screenshots_001.png
screenshots_002,expanded,independent,screenshots,screenshots_002.png,/home/kali/stego_dataset_expanded/clean_image_expanded_test/renamed_clean_images/screenshots/screenshots_002.png
screenshots_003,expanded,independent,screenshots,screenshots_003.png,/home/kali/stego_dataset_expanded/clean_image_expanded_test/renamed_clean_images/screenshots/screenshots_003.png
screenshots_004,expanded,independent,screenshots,screenshots_004.png,/home/kali/stego_dataset_expanded/clean_image_expanded_test/renamed_clean_images/screenshots/screenshots_004.png
screenshots_005,expanded,independent,screenshots,screenshots_005.png,/home/kali/stego_dataset_expanded/clean_image_expanded_test/renamed_clean_images/screenshots/screenshots_005.png
screenshots_006,expanded,independent,screenshots,screenshots_006.png,/home/kali/stego_dataset_expanded/clean_image_expanded_test/renamed_clean_images/screenshots/screenshots_006.png
screenshots_007,expanded,independent,screenshots,screenshots_007.png,/home/kali/stego_dataset_expanded/clean_image_expanded_test/renamed_clean_images/screenshots/screenshots_007.png
screenshots_008,expanded,independent,screenshots,screenshots_008.png,/home/kali/stego_dataset_expanded/clean_image_expanded_test/renamed_clean_images/screenshots/screenshots_008.png
screenshots_009,expanded,independent,screenshots,screenshots_009.png,/home/kali/stego_dataset_expanded/clean_image_expanded_test/renamed_clean_images/screenshots/screenshots_009.png
screenshots_010,expanded,independent,screenshots,screenshots_010.png,/home/kali/stego_dataset_expanded/clean_image_expanded_test/renamed_clean_images/screenshots/screenshots_010.png
screenshots_011,expanded,independent,screenshots,screenshots_011.png,/home/kali/stego_dataset_expanded/clean_image_expanded_test/renamed_clean_images/screenshots/screenshots_011.png
screenshots_012,expanded,independent,screenshots,screenshots_012.png,/home/kali/stego_dataset_expanded/clean_image_expanded_test/renamed_clean_images/screenshots/screenshots_012.png
screenshots_013,expanded,independent,screenshots,screenshots_013.png,/home/kali/stego_dataset_expanded/clean_image_expanded_test/renamed_clean_images/screenshots/screenshots_013.png
screenshots_014,expanded,independent,screenshots,screenshots_014.png,/home/kali/stego_dataset_expanded/clean_image_expanded_test/renamed_clean_images/screenshots/screenshots_014.png
screenshots_015,expanded,independent,screenshots,screenshots_015.png,/home/kali/stego_dataset_expanded/clean_image_expanded_test/renamed_clean_images/screenshots/screenshots_015.png
screenshots_016,expanded,independent,screenshots,screenshots_016.png,/home/kali/stego_dataset_expanded/clean_image_expanded_test/renamed_clean_images/screenshots/screenshots_016.png
screenshots_017,expanded,independent,screenshots,screenshots_017.png,/home/kali/stego_dataset_expanded/clean_image_expanded_test/renamed_clean_images/screenshots/screenshots_017.png
screenshots_018,expanded,independent,screenshots,screenshots_018.png,/home/kali/stego_dataset_expanded/clean_image_expanded_test/renamed_clean_images/screenshots/screenshots_018.png
screenshots_019,expanded,independent,screenshots,screenshots_019.png,/home/kali/stego_dataset_expanded/clean_image_expanded_test/renamed_clean_images/screenshots/screenshots_019.png
screenshots_020,expanded,independent,screenshots,screenshots_020.png,/home/kali/stego_dataset_expanded/clean_image_expanded_test/renamed_clean_images/screenshots/screenshots_020.png
screenshots_021,expanded,independent,screenshots,screenshots_021.png,/home/kali/stego_dataset_expanded/clean_image_expanded_test/renamed_clean_images/screenshots/screenshots_021.png
screenshots_022,expanded,independent,screenshots,screenshots_022.png,/home/kali/stego_dataset_expanded/clean_image_expanded_test/renamed_clean_images/screenshots/screenshots_022.png
screenshots_023,expanded,independent,screenshots,screenshots_023.png,/home/kali/stego_dataset_expanded/clean_image_expanded_test/renamed_clean_images/screenshots/screenshots_023.png
screenshots_024,expanded,independent,screenshots,screenshots_024.png,/home/kali/stego_dataset_expanded/clean_image_expanded_test/renamed_clean_images/screenshots/screenshots_024.png
screenshots_025,expanded,independent,screenshots,screenshots_025.png,/home/kali/stego_dataset_expanded/clean_image_expanded_test/renamed_clean_images/screenshots/screenshots_025.png
screenshots_026,expanded,independent,screenshots,screenshots_026.png,/home/kali/stego_dataset_expanded/clean_image_expanded_test/renamed_clean_images/screenshots/screenshots_026.png
screenshots_027,expanded,independent,screenshots,screenshots_027.png,/home/kali/stego_dataset_expanded/clean_image_expanded_test/renamed_clean_images/screenshots/screenshots_027.png
screenshots_028,expanded,independent,screenshots,screenshots_028.png,/home/kali/stego_dataset_expanded/clean_image_expanded_test/renamed_clean_images/screenshots/screenshots_028.png
screenshots_029,expanded,independent,screenshots,screenshots_029.png,/home/kali/stego_dataset_expanded/clean_image_expanded_test/renamed_clean_images/screenshots/screenshots_029.png
screenshots_030,expanded,independent,screenshots,screenshots_030.png,/home/kali/stego_dataset_expanded/clean_image_expanded_test/renamed_clean_images/screenshots/screenshots_030.png
screenshots_031,expanded,independent,screenshots,screenshots_031.png,/home/kali/stego_dataset_expanded/clean_image_expanded_test/renamed_clean_images/screenshots/screenshots_031.png
screenshots_032,expanded,independent,screenshots,screenshots_032.png,/home/kali/stego_dataset_expanded/clean_image_expanded_test/renamed_clean_images/screenshots/screenshots_032.png
screenshots_033,expanded,independent,screenshots,screenshots_033.png,/home/kali/stego_dataset_expanded/clean_image_expanded_test/renamed_clean_images/screenshots/screenshots_033.png
screenshots_034,expanded,independent,screenshots,screenshots_034.png,/home/kali/stego_dataset_expanded/clean_image_expanded_test/renamed_clean_images/screenshots/screenshots_034.png
screenshots_035,expanded,independent,screenshots,screenshots_035.png,/home/kali/stego_dataset_expanded/clean_image_expanded_test/renamed_clean_images/screenshots/screenshots_035.png
screenshots_036,expanded,independent,screenshots,screenshots_036.png,/home/kali/stego_dataset_expanded/clean_image_expanded_test/renamed_clean_images/screenshots/screenshots_036.png
screenshots_037,expanded,independent,screenshots,screenshots_037.png,/home/kali/stego_dataset_expanded/clean_image_expanded_test/renamed_clean_images/screenshots/screenshots_037.png
screenshots_038,expanded,independent,screenshots,screenshots_038.png,/home/kali/stego_dataset_expanded/clean_image_expanded_test/renamed_clean_images/screenshots/screenshots_038.png
screenshots_039,expanded,independent,screenshots,screenshots_039.png,/home/kali/stego_dataset_expanded/clean_image_expanded_test/renamed_clean_images/screenshots/screenshots_039.png
screenshots_040,expanded,independent,screenshots,screenshots_040.png,/home/kali/stego_dataset_expanded/clean_image_expanded_test/renamed_clean_images/screenshots/screenshots_040.png
screenshots_041,expanded,independent,screenshots,screenshots_041.png,/home/kali/stego_dataset_expanded/clean_image_expanded_test/renamed_clean_images/screenshots/screenshots_041.png
screenshots_042,expanded,independent,screenshots,screenshots_042.png,/home/kali/stego_dataset_expanded/clean_image_expanded_test/renamed_clean_images/screenshots/screenshots_042.png
screenshots_043,expanded,independent,screenshots,screenshots_043.png,/home/kali/stego_dataset_expanded/clean_image_expanded_test/renamed_clean_images/screenshots/screenshots_043.png
screenshots_044,expanded,independent,screenshots,screenshots_044.png,/home/kali/stego_dataset_expanded/clean_image_expanded_test/renamed_clean_images/screenshots/screenshots_044.png
screenshots_045,expanded,independent,screenshots,screenshots_045.png,/home/kali/stego_dataset_expanded/clean_image_expanded_test/renamed_clean_images/screenshots/screenshots_045.png
screenshots_046,expanded,independent,screenshots,screenshots_046.png,/home/kali/stego_dataset_expanded/clean_image_expanded_test/renamed_clean_images/screenshots/screenshots_046.png
screenshots_047,expanded,independent,screenshots,screenshots_047.png,/home/kali/stego_dataset_expanded/clean_image_expanded_test/renamed_clean_images/screenshots/screenshots_047.png
screenshots_048,expanded,independent,screenshots,screenshots_048.png,/home/kali/stego_dataset_expanded/clean_image_expanded_test/renamed_clean_images/screenshots/screenshots_048.png
screenshots_049,expanded,independent,screenshots,screenshots_049.png,/home/kali/stego_dataset_expanded/clean_image_expanded_test/renamed_clean_images/screenshots/screenshots_049.png
screenshots_050,expanded,independent,screenshots,screenshots_050.png,/home/kali/stego_dataset_expanded/clean_image_expanded_test/renamed_clean_images/screenshots/screenshots_050.png
